{"cameraMode":{"drawMode":0,"name":"Shaded","section":"Shading Mode"},"sceneLighting":true,"audioPlay":false,"sceneViewState":{"showFog":true,"showMaterialUpdate":false,"showSkybox":true,"showFlares":true,"showImageEffects":true,"showParticleSystems":true,"showVisualEffectGraphs":true,"m_FxEnabled":true},"in2DMode":false,"pivot":{"x":-59.23537826538086,"y":27.945274353027345,"z":107.44325256347656},"rotation":{"x":0.010499844327569008,"y":-8.402901130466489e-8,"z":2.1912973124926794e-7,"w":0.9999464154243469},"size":100.63230895996094,"orthographic":true}